[
  {
    "uri": "file:///mnt/Rogue/Projects/Vivado/ES2025/Labs/srec_spi_bootloader/src/blconfig.h",
    "owner": "_generated_diagnostic_collection_name_#c41bf1a2-2344-4c6b-9090-6c37af22f6e0",
    "data": [
      {
        "code": "-W#warnings",
        "severity": 2,
        "range": {
          "start": {
            "line": 8,
            "character": 1
          },
          "end": {
            "line": 8,
            "character": 8
          }
        },
        "message": "\"Please provide the correct address value for the definition FLASH_IMAGE_BASEADDR. Please give the flash offset @ which SREC application is programmed\"",
        "source": "clang",
        "relatedInformation": []
      }
    ]
  }
]