{
  "name": "lab8_bsp",
  "type": "PLATFORM",
  "configuration": {
    "description": "",
    "xsa": "/mnt/Rogue/Projects/Vivado/ES2025/base_soc_wrapper.xsa",
    "xsaPathInPlatform": "lab8_bsp/hw/base_soc_wrapper.xsa",
    "emulationXsa": "",
    "emulationXsaPathInPlatform": "",
    "isCustomFSBL": false,
    "fsblPath": "",
    "pmufwElf": "",
    "flow": "EMBEDDED",
    "processorsMap": {
      "microblaze_0": "microblaze"
    },
    "supportedOS": [
      "standalone",
      "freertos",
      "linux"
    ],
    "supportedFamily": "fpga",
    "stdGenHookList": [
      {
        "key": "VITIS_SDT_REPO",
        "value": ""
      },
      {
        "key": "VITIS_SDT_BOARD_DTS",
        "value": ""
      },
      {
        "key": "VITIS_SDT_INCLUDE_DTS",
        "value": ""
      },
      {
        "key": "-dt_overlay",
        "value": "0"
      }
    ],
    "componentType": "PLATFORM",
    "domains": [
      {
        "name": "standalone_microblaze_0",
        "displayName": "standalone_microblaze_0",
        "processor": "microblaze_0",
        "cpuType": "microblaze",
        "cpuInstance": "microblaze_0",
        "os": "standalone",
        "appTemplate": "empty_application",
        "isBootDomain": false,
        "qemuData": "",
        "qemuArgsFile": "",
        "pmcQemuArgsFile": "",
        "isBSPGenReq": false
      }
    ],
    "emptyToolchainConfiguration": []
  },
  "useSysrootToolchain": false
}